{"cameraMode":{"drawMode":0,"name":"Shaded","section":"Shading Mode"},"sceneLighting":false,"audioPlay":false,"sceneViewState":{"m_AlwaysRefresh":true,"showFog":true,"showSkybox":false,"showFlares":true,"showImageEffects":true,"showParticleSystems":true,"showVisualEffectGraphs":true,"m_FxEnabled":true},"in2DMode":false,"pivot":{"x":0.020644783973693849,"y":1.3609590530395508,"z":20.1476993560791},"rotation":{"x":-0.14846517145633698,"y":-0.17755471169948579,"z":0.027134565636515619,"w":-0.972492516040802},"size":1.2247449159622193,"orthographic":false}